{"stats":{"minecraft:picked_up":{"minecraft:repeater":2,"minecraft:redstone_torch":2,"minecraft:redstone":14},"minecraft:dropped":{"minecraft:cobblestone":1,"minecraft:light_gray_wool":1,"minecraft:purple_wool":1,"minecraft:white_wool":1,"minecraft:lime_wool":1,"minecraft:redstone":10},"minecraft:custom":{"minecraft:time_since_rest":344136,"minecraft:open_chest":3,"minecraft:crouch_one_cm":1677,"minecraft:play_time":344136,"minecraft:walk_one_cm":8299,"minecraft:sneak_time":8232,"minecraft:drop":15,"minecraft:jump":59,"minecraft:leave_game":9,"minecraft:time_since_death":344136,"minecraft:total_world_time":344136,"minecraft:fly_one_cm":3010024,"minecraft:sprint_one_cm":439},"minecraft:used":{"minecraft:redstone_torch":127,"minecraft:trident":12,"minecraft:glass":16,"minecraft:light_gray_wool":100,"minecraft:white_wool":2,"minecraft:lever":15,"minecraft:repeater":212,"minecraft:redstone_lamp":43,"minecraft:target":1,"minecraft:cobblestone":11,"minecraft:written_book":3,"minecraft:redstone":141,"minecraft:lime_wool":11,"minecraft:smooth_stone":242,"minecraft:purple_wool":9}},"DataVersion":3700}