{"stats":{"minecraft:picked_up":{"minecraft:redstone_torch":18,"minecraft:redstone":25},"minecraft:custom":{"minecraft:time_since_rest":2565782,"minecraft:open_chest":3,"minecraft:crouch_one_cm":816,"minecraft:play_time":2565782,"minecraft:sprint_one_cm":11270,"minecraft:walk_one_cm":172890,"minecraft:sneak_time":147384,"minecraft:drop":1,"minecraft:interact_with_lectern":1,"minecraft:jump":165,"minecraft:leave_game":7,"minecraft:time_since_death":2565782,"minecraft:total_world_time":3469055,"minecraft:fly_one_cm":6448431},"minecraft:dropped":{"minecraft:lever":1},"minecraft:used":{"minecraft:shroomlight":9,"minecraft:glass":49,"minecraft:light_gray_wool":278,"minecraft:orange_stained_glass":22,"minecraft:lever":17,"minecraft:glowstone":5,"minecraft:repeater":91,"minecraft:redstone_lamp":18,"minecraft:light_gray_stained_glass":57,"minecraft:comparator":3,"minecraft:black_stained_glass":84,"minecraft:written_book":3,"minecraft:redstone":679,"minecraft:lime_wool":2,"minecraft:orange_wool":3,"minecraft:smooth_stone_slab":49,"minecraft:ochre_froglight":671,"minecraft:cherry_sign":5,"minecraft:smooth_stone":445,"minecraft:redstone_torch":475,"minecraft:yellow_wool":306}},"DataVersion":3700}