{"stats":{"minecraft:used":{"minecraft:yellow_wool":9,"minecraft:repeater":9,"minecraft:redstone":7},"minecraft:custom":{"minecraft:jump":7,"minecraft:time_since_rest":354079,"minecraft:crouch_one_cm":117,"minecraft:leave_game":9,"minecraft:sprint_one_cm":124,"minecraft:play_time":354079,"minecraft:time_since_death":354079,"minecraft:walk_one_cm":1281,"minecraft:sneak_time":13159,"minecraft:total_world_time":622902,"minecraft:fly_one_cm":576736},"minecraft:picked_up":{"minecraft:redstone":1}},"DataVersion":3700}