{"stats":{"minecraft:picked_up":{"minecraft:redstone_torch":18,"minecraft:redstone":25},"minecraft:custom":{"minecraft:time_since_rest":4305388,"minecraft:open_chest":3,"minecraft:crouch_one_cm":1073,"minecraft:play_time":4305388,"minecraft:sprint_one_cm":12778,"minecraft:walk_one_cm":176064,"minecraft:sneak_time":229816,"minecraft:drop":1,"minecraft:interact_with_lectern":1,"minecraft:jump":173,"minecraft:leave_game":9,"minecraft:time_since_death":4305388,"minecraft:total_world_time":8631973,"minecraft:fly_one_cm":7756171},"minecraft:dropped":{"minecraft:lever":1},"minecraft:used":{"minecraft:shroomlight":9,"minecraft:glass":50,"minecraft:light_gray_wool":282,"minecraft:orange_stained_glass":22,"minecraft:lever":17,"minecraft:glowstone":5,"minecraft:repeater":91,"minecraft:redstone_lamp":18,"minecraft:light_gray_stained_glass":57,"minecraft:comparator":3,"minecraft:black_stained_glass":84,"minecraft:written_book":3,"minecraft:redstone":693,"minecraft:lime_wool":2,"minecraft:orange_wool":3,"minecraft:smooth_stone_slab":49,"minecraft:ochre_froglight":671,"minecraft:white_concrete":103,"minecraft:cherry_sign":5,"minecraft:orange_terracotta":1,"minecraft:smooth_stone":445,"minecraft:redstone_torch":480,"minecraft:yellow_wool":306}},"DataVersion":3700}